transaction_id,customer_id,date,type,final_amount,stored_coins,expected_coins,delta,expected_tier,confidence,reason
269,203,2026-01-01,normal,2999.0,59,59,0,,HIGH,
270,204,2026-01-02,normal,27000.0,540,540,0,,HIGH,
271,205,2026-01-05,normal,1200.0,24,24,0,,HIGH,
272,206,2026-01-05,normal,30000.0,600,600,0,,HIGH,
273,207,2026-01-05,normal,1200.0,24,24,0,,HIGH,
274,208,2026-01-06,normal,18000.0,360,360,0,,HIGH,
275,209,2026-01-06,normal,1000.0,20,20,0,,HIGH,
276,210,2026-01-06,normal,3200.0,64,64,0,,HIGH,
277,211,2026-01-07,normal,1899.0,37,37,0,,HIGH,
278,212,2026-01-07,normal,31199.0,623,623,0,,HIGH,
279,213,2026-01-07,normal,39997.0,799,799,0,,HIGH,
280,214,2026-01-08,normal,2200.0,44,44,0,,HIGH,
281,215,2026-01-09,normal,8050.0,161,161,0,,HIGH,
282,216,2026-01-09,normal,1800.0,36,36,0,,HIGH,
283,217,2026-01-10,normal,17566.0,351,351,0,,HIGH,
284,218,2026-01-10,normal,16199.0,323,323,0,,HIGH,
285,219,2026-01-11,normal,30000.0,600,600,0,,HIGH,
286,220,2026-01-12,normal,1199.0,23,23,0,,HIGH,
287,221,2026-01-13,normal,10699.0,213,213,0,,HIGH,
288,222,2026-01-13,normal,31998.0,639,639,0,,HIGH,
289,223,2026-01-16,normal,1840.0,36,36,0,,HIGH,
290,224,2026-01-17,normal,30000.0,600,600,0,,HIGH,
291,225,2026-01-17,normal,30000.0,600,600,0,,HIGH,
292,226,2026-01-17,normal,2499.0,49,49,0,,HIGH,
293,227,2026-01-18,normal,1596.0,31,31,0,,HIGH,
294,228,2026-01-18,normal,1260.0,25,25,0,,HIGH,
295,224,2026-01-18,normal,30000.0,2400,2400,0,,HIGH,
296,229,2026-01-11,normal,1000.0,20,20,0,,HIGH,
297,206,2026-01-15,normal,28000.0,2240,2240,0,,HIGH,
298,230,2026-01-21,normal,10000.0,200,200,0,,HIGH,
299,231,2026-01-21,normal,31198.0,623,623,0,,HIGH,
300,232,2026-01-22,normal,1620.0,32,32,0,,HIGH,
301,233,2026-01-23,normal,2198.0,43,43,0,,HIGH,
302,234,2026-01-25,normal,2500.0,50,50,0,,HIGH,
303,235,2026-01-27,normal,3500.0,70,70,0,,HIGH,
304,236,2026-01-27,normal,1680.0,33,33,0,,HIGH,
305,237,2026-01-28,normal,1410.0,28,28,0,,HIGH,
306,238,2026-01-30,normal,1800.0,36,36,0,,HIGH,
307,239,2026-01-30,normal,1800.0,36,36,0,,HIGH,
308,217,2026-01-30,normal,2999.0,149,149,0,,HIGH,
309,240,2026-01-09,normal,1000.0,20,20,0,,HIGH,
310,241,2026-01-03,normal,1000.0,20,20,0,,HIGH,
311,242,2026-01-07,normal,10000.0,200,200,0,,HIGH,
312,243,2026-01-11,normal,4200.0,84,84,0,,HIGH,
313,244,2026-01-06,normal,1400.0,28,28,0,,HIGH,
314,245,2026-01-17,normal,1000.0,20,20,0,,HIGH,
315,246,2026-01-20,normal,1300.0,26,26,0,,HIGH,
316,247,2026-02-01,normal,10500.0,210,210,0,,HIGH,
317,237,2026-02-01,normal,30000.0,600,600,0,,HIGH,
318,212,2026-02-02,normal,2500.0,200,200,0,,HIGH,
319,248,2026-02-03,normal,5040.0,100,100,0,,HIGH,
320,221,2026-02-04,normal,20000.0,600,600,0,,HIGH,
321,223,2026-02-05,normal,30000.0,600,600,0,,HIGH,
322,219,2026-02-06,normal,6999.0,559,559,0,,HIGH,
323,249,2026-02-06,normal,1899.0,37,37,0,,HIGH,
324,250,2026-02-07,normal,2368.0,47,47,0,,HIGH,
325,251,2026-02-07,normal,30000.0,600,600,0,,HIGH,
326,252,2026-02-07,normal,1400.0,28,28,0,,HIGH,
327,253,2026-02-08,normal,1888.0,37,37,0,,HIGH,
329,255,2026-02-09,normal,1120.0,22,22,0,,HIGH,
330,256,2026-02-10,normal,12104.0,242,242,0,,HIGH,
331,257,2026-02-10,normal,11410.0,228,228,0,,HIGH,
332,258,2026-02-10,normal,1500.0,30,30,0,,HIGH,
333,232,2026-02-12,normal,1888.0,37,37,0,,HIGH,
334,259,2026-02-12,normal,31199.0,623,623,0,,HIGH,
335,260,2026-02-13,normal,18899.0,377,377,0,,HIGH,
336,261,2026-02-13,normal,13500.0,270,270,0,,HIGH,
337,238,2026-02-13,normal,1800.0,36,36,0,,HIGH,
338,245,2026-02-14,normal,2000.0,40,40,0,,HIGH,
339,210,2026-02-14,normal,8157.0,163,163,0,,HIGH,
340,236,2026-02-15,normal,1275.0,25,25,0,,HIGH,
341,238,2026-02-23,normal,9000.0,180,180,0,,HIGH,
342,263,2026-02-23,normal,1398.0,27,27,0,,HIGH,
343,226,2026-02-24,normal,5000.0,100,100,0,,HIGH,
344,264,2026-02-25,normal,2450.0,49,49,0,,HIGH,
345,225,2026-02-27,normal,3300.0,264,264,0,,HIGH,
346,203,2026-02-27,normal,1700.0,34,34,0,,HIGH,
347,265,2026-02-28,normal,1980.0,39,39,0,,HIGH,
348,241,2026-02-04,normal,1600.0,32,32,0,,HIGH,
349,266,2026-02-05,normal,1490.0,29,29,0,,HIGH,
350,267,2026-02-07,normal,1888.0,37,37,0,,HIGH,
351,244,2026-02-11,normal,1380.0,27,27,0,,HIGH,
352,268,2026-02-12,normal,2500.0,50,50,0,,HIGH,
353,246,2026-02-13,normal,1300.0,26,26,0,,HIGH,
355,246,2026-02-21,normal,2400.0,48,48,0,,HIGH,
356,269,2026-03-01,normal,2500.0,50,50,0,,HIGH,
357,270,2026-03-01,normal,1000.0,20,20,0,,HIGH,
358,271,2026-03-04,normal,60000.0,1200,1200,0,,HIGH,
359,272,2026-03-04,normal,6750.0,135,135,0,,HIGH,
360,209,2026-03-05,normal,19779.0,395,395,0,,HIGH,
361,273,2026-03-05,normal,1888.0,37,37,0,,HIGH,
362,274,2026-03-06,normal,1598.0,31,31,0,,HIGH,
363,237,2026-03-06,normal,6750.0,540,540,0,,HIGH,
364,267,2026-03-07,normal,30000.0,600,600,0,,HIGH,
365,270,2026-03-07,normal,30000.0,600,600,0,,HIGH,
366,251,2026-03-07,normal,1450.0,116,116,0,,HIGH,
367,224,2026-03-07,normal,26800.0,2144,2144,0,,HIGH,
368,276,2026-03-08,normal,13500.0,270,270,0,,HIGH,
369,277,2026-03-08,normal,17250.0,345,345,0,,HIGH,
370,278,2026-03-09,normal,20000.0,400,400,0,,HIGH,
371,214,2026-03-09,normal,1100.0,22,22,0,,HIGH,
372,279,2026-03-10,normal,30000.0,600,600,0,,HIGH,
373,280,2026-03-11,normal,10000.0,200,200,0,,HIGH,
374,237,2026-03-11,normal,12000.0,960,960,0,,HIGH,
375,221,2026-03-11,normal,30000.0,1500,1500,0,,HIGH,
376,232,2026-03-12,normal,9250.0,185,185,0,,HIGH,
377,257,2026-03-12,normal,6098.0,182,182,0,,HIGH,
378,215,2026-03-13,normal,7750.0,232,232,0,,HIGH,
379,281,2026-03-14,normal,1199.0,23,23,0,,HIGH,
380,282,2026-03-14,normal,1199.0,23,23,0,,HIGH,
381,283,2026-03-14,normal,1800.0,36,36,0,,HIGH,
382,243,2026-03-15,normal,1598.0,31,31,0,,HIGH,
383,235,2026-03-16,normal,2550.0,51,51,0,,HIGH,
384,285,2026-03-17,normal,8250.0,165,165,0,,HIGH,
385,286,2026-03-17,normal,1800.0,36,36,0,,HIGH,
386,208,2026-03-18,normal,30000.0,1500,1500,0,,HIGH,
387,287,2026-03-18,normal,1450.0,29,29,0,,HIGH,
388,273,2026-03-19,normal,3600.0,72,72,0,,HIGH,
389,236,2026-03-19,normal,1275.0,25,25,0,,HIGH,
390,246,2026-03-20,normal,8100.0,162,162,0,,HIGH,
391,224,2026-03-21,normal,4560.0,364,364,0,,HIGH,
392,267,2026-03-21,normal,1150.0,92,92,0,,HIGH,
393,255,2026-03-23,normal,9375.0,187,187,0,,HIGH,
394,271,2026-03-26,normal,20000.0,1600,1600,0,,HIGH,
395,289,2026-01-02,normal,1750.0,35,35,0,,HIGH,
396,290,2026-01-02,normal,1750.0,35,35,0,,HIGH,
397,291,2026-01-03,normal,11090.0,221,221,0,,HIGH,
398,302,2026-01-03,normal,15999.0,319,319,0,,HIGH,
399,293,2026-01-03,normal,6280.0,125,125,0,,HIGH,
400,294,2026-01-05,normal,19500.0,390,390,0,,HIGH,
401,295,2026-01-05,normal,1899.0,37,37,0,,HIGH,
402,296,2026-01-05,normal,1000.0,20,20,0,,HIGH,
403,297,2026-01-07,normal,30000.0,600,600,0,,HIGH,
404,298,2026-01-08,normal,14898.0,297,297,0,,HIGH,
405,299,2026-01-08,normal,1700.0,34,34,0,,HIGH,
406,300,2026-01-09,normal,3500.0,70,70,0,,HIGH,
407,301,2026-01-10,normal,6000.0,120,120,0,,HIGH,
408,302,2026-01-10,normal,2700.0,135,135,0,,HIGH,
409,303,2026-01-10,normal,30000.0,600,600,0,,HIGH,
410,304,2026-01-10,normal,13049.0,260,260,0,,HIGH,
411,305,2026-01-12,normal,3700.0,74,74,0,,HIGH,
412,306,2026-01-12,normal,3000.0,60,60,0,,HIGH,
413,307,2026-01-12,normal,4500.0,90,90,0,,HIGH,
414,308,2026-01-13,normal,1000.0,20,20,0,,HIGH,
415,381,2026-01-13,normal,3500.0,70,70,0,,HIGH,
416,295,2026-01-15,normal,1200.0,24,24,0,,HIGH,
417,310,2026-01-16,normal,8999.0,179,179,0,,HIGH,
418,311,2026-01-16,normal,24898.0,497,497,0,,HIGH,
419,312,2026-01-16,normal,270.0,5,5,0,,HIGH,
420,313,2026-01-16,normal,1898.0,37,37,0,,HIGH,
421,302,2026-01-17,normal,17500.0,875,875,0,,HIGH,
422,314,2026-01-17,normal,1498.0,29,29,0,,HIGH,
423,315,2026-01-17,normal,1498.0,29,29,0,,HIGH,
424,316,2026-01-20,normal,3600.0,72,72,0,,HIGH,
425,308,2026-01-20,normal,7100.0,142,142,0,,HIGH,
426,317,2026-01-21,normal,1000.0,20,20,0,,HIGH,
427,318,2026-01-22,normal,30000.0,600,600,0,,HIGH,
428,319,2026-01-22,normal,2800.0,56,56,0,,HIGH,
429,350,2026-01-23,normal,30480.0,609,609,0,,HIGH,
430,321,2026-01-23,normal,6099.0,121,121,0,,HIGH,
431,322,2026-01-24,normal,9000.0,180,180,0,,HIGH,
433,291,2026-01-24,normal,2099.0,62,62,0,,HIGH,
434,324,2026-01-26,normal,1888.0,37,37,0,,HIGH,
435,325,2026-01-26,normal,1750.0,35,35,0,,HIGH,
437,326,2026-01-29,normal,1888.0,37,37,0,,HIGH,
438,327,2026-01-29,normal,1600.0,32,32,0,,HIGH,
439,385,2026-01-30,normal,23800.0,476,476,0,,HIGH,
440,307,2026-01-30,normal,1888.0,37,37,0,,HIGH,
441,379,2026-02-01,normal,10189.0,203,203,0,,HIGH,
442,330,2026-02-01,normal,1899.0,37,37,0,,HIGH,
443,331,2026-02-01,normal,1899.0,37,37,0,,HIGH,
444,332,2026-02-02,normal,10000.0,200,200,0,,HIGH,
445,305,2026-02-02,normal,1200.0,24,24,0,,HIGH,
446,381,2026-02-03,normal,30000.0,600,600,0,,HIGH,
447,333,2026-02-04,normal,10000.0,200,200,0,,HIGH,
448,360,2026-02-04,normal,1899.0,37,37,0,,HIGH,
449,352,2026-02-05,normal,1000.0,20,20,0,,HIGH,
450,336,2026-02-06,normal,2700.0,54,54,0,,HIGH,
451,337,2026-02-06,normal,2175.0,43,43,0,,HIGH,
452,338,2026-02-07,normal,10799.0,215,215,0,,HIGH,
453,319,2026-02-07,normal,1888.0,37,37,0,,HIGH,
454,332,2026-02-07,normal,1899.0,56,56,0,,HIGH,
455,354,2026-02-09,normal,4387.0,87,87,0,,HIGH,
456,340,2026-02-09,normal,17998.0,359,359,0,,HIGH,
457,341,2026-02-10,normal,8900.0,178,178,0,,HIGH,
458,321,2026-02-11,normal,6599.0,131,131,0,,HIGH,
459,342,2026-02-11,normal,4783.0,95,95,0,,HIGH,
460,343,2026-02-13,normal,15800.0,316,316,0,,HIGH,
461,344,2026-02-13,normal,1888.0,37,37,0,,HIGH,
462,345,2026-02-14,normal,2175.0,43,43,0,,HIGH,
463,346,2026-02-14,normal,1899.0,37,37,0,,HIGH,
464,347,2026-02-21,normal,1750.0,35,35,0,,HIGH,
465,354,2026-02-21,normal,5480.0,109,109,0,,HIGH,
466,348,2026-02-22,normal,2799.0,55,55,0,,HIGH,
467,346,2026-02-22,normal,15999.0,319,319,0,,HIGH,
468,349,2026-02-22,normal,16888.0,337,337,0,,HIGH,
469,350,2026-02-23,normal,5299.0,423,423,0,,HIGH,
470,332,2026-02-24,normal,2699.0,80,80,0,,HIGH,
471,351,2026-02-25,normal,21098.0,421,421,0,,HIGH,
472,352,2026-02-25,normal,1000.0,20,20,0,,HIGH,
473,353,2026-02-25,normal,1000.0,20,20,0,,HIGH,
474,354,2026-02-25,normal,3999.0,79,79,0,,HIGH,
475,352,2026-02-26,normal,3000.0,60,60,0,,HIGH,
476,332,2026-02-26,normal,10999.0,329,329,0,,HIGH,
477,355,2026-02-26,normal,3099.0,61,61,0,,HIGH,
478,356,2026-02-27,normal,6500.0,130,130,0,,HIGH,
479,385,2026-02-27,normal,8699.0,434,434,0,,HIGH,
480,302,2026-02-28,normal,10630.0,531,531,0,,HIGH,
481,301,2026-02-28,normal,1899.0,37,37,0,,HIGH,
482,360,2026-02-01,normal,1199.0,23,23,0,,HIGH,
483,324,2026-03-02,normal,3800.0,76,76,0,,HIGH,
484,362,2026-03-03,normal,6000.0,120,120,0,,HIGH,
485,333,2026-03-02,normal,2700.0,81,81,0,,HIGH,
486,351,2026-03-04,normal,10250.0,512,512,0,,HIGH,
487,364,2026-03-04,normal,1499.0,29,29,0,,HIGH,
488,349,2026-03-06,normal,6750.0,337,337,0,,HIGH,
489,365,2026-03-06,normal,8500.0,170,170,0,,HIGH,
490,366,2026-03-07,normal,14898.0,297,297,0,,HIGH,
491,367,2026-03-07,normal,1840.0,36,36,0,,HIGH,
492,354,2026-03-07,normal,1620.0,32,32,0,,HIGH,
493,338,2026-03-07,normal,2699.0,80,80,0,,HIGH,
494,369,2026-03-09,normal,1199.0,23,23,0,,HIGH,
495,306,2026-03-10,normal,13500.0,270,270,0,,HIGH,
496,324,2026-03-11,normal,13500.0,270,270,0,,HIGH,
497,371,2026-03-11,normal,8799.0,175,175,0,,HIGH,
498,372,2026-03-13,normal,2250.0,45,45,0,,HIGH,
499,293,2026-03-14,normal,10479.0,209,209,0,,HIGH,
500,374,2026-03-14,normal,3750.0,75,75,0,,HIGH,
501,375,2026-03-17,normal,30000.0,600,600,0,,HIGH,
502,336,2026-03-18,normal,16500.0,330,330,0,,HIGH,
503,377,2026-03-18,normal,15999.0,319,319,0,,HIGH,
504,378,2026-03-17,normal,12315.0,246,246,0,,HIGH,
505,379,2026-03-17,normal,4500.0,135,135,0,,HIGH,
506,380,2026-03-14,normal,8250.0,165,165,0,,HIGH,
507,381,2026-03-18,normal,3500.0,280,280,0,,HIGH,
508,382,2026-03-18,normal,2600.0,52,52,0,,HIGH,
509,352,2026-03-20,normal,2500.0,50,50,0,,HIGH,
510,349,2026-03-20,normal,3000.0,150,150,0,,HIGH,
511,319,2026-03-21,normal,2250.0,45,45,0,,HIGH,
512,385,2026-03-21,normal,19629.0,981,981,0,,HIGH,
513,386,2026-03-23,normal,10000.0,200,200,0,,HIGH,
514,317,2026-03-23,normal,1050.0,21,21,0,,HIGH,
515,388,2026-03-23,normal,2500.0,50,50,0,,HIGH,
516,306,2026-03-24,normal,16500.0,825,825,0,,HIGH,
517,332,2026-03-24,normal,1300.0,65,39,-26,,HIGH,CONFIRMED_MISMATCH: replay via current fixed CREATE path diverges from stored value
518,298,2026-03-25,normal,14625.0,731,731,0,,HIGH,
519,356,2026-03-25,normal,3300.0,66,66,0,,HIGH,
520,392,2026-03-25,normal,5880.0,117,117,0,,HIGH,
521,337,2026-03-26,normal,12715.0,254,254,0,,HIGH,
522,325,2026-03-27,normal,24300.0,486,486,0,,HIGH,
523,395,2026-03-27,normal,15899.0,317,317,0,,HIGH,
524,303,2026-03-27,normal,1888.0,151,151,0,,HIGH,
525,397,2026-03-27,normal,16500.0,330,330,0,,HIGH,
530,237,2026-04-01,normal,13500.0,1080,1080,0,,HIGH,
531,400,2026-04-03,normal,20549.0,410,410,0,,HIGH,
533,401,2026-04-03,normal,16200.0,324,324,0,,HIGH,
534,402,2026-03-23,normal,1698.0,33,33,0,,HIGH,
535,238,2026-03-25,normal,6750.0,202,202,0,,HIGH,
536,403,2026-03-26,normal,2887.0,57,57,0,,HIGH,
537,250,2026-03-28,normal,2450.0,49,49,0,,HIGH,
538,235,2026-03-28,normal,3000.0,60,60,0,,HIGH,
539,217,2026-03-29,normal,5010.0,250,250,0,,HIGH,
540,225,2026-03-29,normal,53697.0,4295,4295,0,,HIGH,
541,278,2026-03-30,normal,8799.0,439,439,0,,HIGH,
542,402,2026-03-31,normal,3199.0,63,63,0,,HIGH,
543,302,2026-03-28,normal,4420.0,221,221,0,,HIGH,
544,340,2026-03-30,normal,18750.0,937,937,0,,HIGH,
546,405,2026-03-30,normal,3699.0,73,73,0,,HIGH,
547,300,2026-04-02,normal,7875.0,157,157,0,,HIGH,
548,406,2026-04-01,normal,8250.0,165,165,0,,HIGH,
549,407,2026-04-02,normal,3285.0,65,65,0,,HIGH,
550,408,2026-04-02,normal,1899.0,37,37,0,,HIGH,
551,324,2026-04-02,normal,4500.0,225,225,0,,HIGH,
552,348,2026-04-03,normal,3700.0,74,74,0,,HIGH,
553,291,2026-04-04,normal,9900.0,297,297,0,,HIGH,
554,409,2026-04-05,normal,9665.0,193,193,0,,HIGH,
555,340,2026-04-06,normal,18750.0,937,937,0,,HIGH,
556,348,2026-04-06,normal,3399.0,67,67,0,,HIGH,
557,303,2026-04-06,normal,3800.0,304,304,0,,HIGH,
558,352,2026-04-07,normal,2500.0,50,50,0,,HIGH,
559,276,2026-04-07,normal,3099.0,154,154,0,,HIGH,
560,410,2026-04-10,normal,34199.0,683,683,0,,HIGH,
561,411,2026-04-09,normal,5298.0,105,105,0,,HIGH,
562,270,2026-03-26,normal,1000.0,80,80,0,,HIGH,
563,252,2026-03-14,normal,2000.0,40,40,0,,HIGH,
564,248,2026-04-10,normal,30000.0,600,600,0,,HIGH,
566,301,2026-04-11,normal,6750.0,135,135,0,,HIGH,
567,367,2026-04-11,normal,7590.0,151,151,0,,HIGH,
568,345,2026-03-14,normal,2175.0,43,43,0,,HIGH,
569,345,2026-04-11,normal,9675.0,193,193,0,,HIGH,
570,412,2026-04-11,normal,2250.0,45,45,0,,HIGH,
571,342,2026-04-11,normal,11220.0,224,224,0,,HIGH,
572,413,2026-04-11,normal,15050.0,301,301,0,,HIGH,
577,352,2026-03-06,normal,3750.0,112,75,-37,,HIGH,CONFIRMED_MISMATCH: replay via current fixed CREATE path diverges from stored value
578,352,2026-03-11,normal,6750.0,202,135,-67,,HIGH,CONFIRMED_MISMATCH: replay via current fixed CREATE path diverges from stored value
581,414,2026-04-09,normal,6099.0,121,121,0,,HIGH,
582,415,2026-04-13,normal,31199.0,623,623,0,,HIGH,
583,302,2026-04-11,normal,9000.0,450,450,0,,HIGH,
584,415,2026-04-14,birthday_recharge,0.0,1500,1500,0,,MEDIUM,
585,378,2026-04-14,normal,3300.0,165,165,0,,HIGH,
586,287,2026-04-14,normal,1000.0,20,20,0,,HIGH,
587,306,2026-04-14,normal,9750.0,487,487,0,,HIGH,
588,415,2026-04-14,coin_deduct,0.0,0,,,,LOW,"NON_RECOMPUTABLE: coin_deduct is not rate-based, out of H-1 scope"
589,264,2026-04-15,normal,2600.0,52,52,0,,HIGH,
590,209,2026-04-16,normal,1706.0,85,85,0,,HIGH,
591,273,2026-04-16,normal,8100.0,162,162,0,,HIGH,
592,416,2026-04-16,normal,8135.0,162,162,0,,HIGH,
593,362,2026-04-16,normal,4500.0,90,90,0,,HIGH,
594,205,2026-04-17,normal,1299.0,25,25,0,,HIGH,
595,274,2026-04-18,normal,8400.0,168,168,0,,HIGH,
596,366,2026-03-14,normal,6750.0,337,337,0,,HIGH,
597,319,2026-04-18,normal,6750.0,135,135,0,,HIGH,
598,417,2026-04-18,normal,10298.0,205,205,0,,HIGH,
599,418,0001-11-08,normal,1400.0,28,28,0,,HIGH,
600,418,2026-01-09,normal,2175.0,43,43,0,,HIGH,
601,418,2026-02-14,normal,1230.0,24,24,0,,HIGH,
602,366,2026-04-18,normal,7500.0,375,375,0,,HIGH,
603,224,2026-04-19,coin_deduct,0.0,0,,,,LOW,"NON_RECOMPUTABLE: coin_deduct is not rate-based, out of H-1 scope"
604,224,2026-04-19,coin_deduct,0.0,0,,,,LOW,"NON_RECOMPUTABLE: coin_deduct is not rate-based, out of H-1 scope"
605,224,2026-04-19,normal,30000.0,2400,2400,0,,HIGH,
606,267,2026-02-07,normal,1888.0,151,151,0,,HIGH,
607,246,2026-02-13,normal,1300.0,39,26,-13,,HIGH,CONFIRMED_MISMATCH: replay via current fixed CREATE path diverges from stored value
608,246,2026-02-21,normal,2400.0,72,48,-24,,HIGH,CONFIRMED_MISMATCH: replay via current fixed CREATE path diverges from stored value
609,246,2026-03-08,normal,1500.0,45,30,-15,,HIGH,CONFIRMED_MISMATCH: replay via current fixed CREATE path diverges from stored value
610,241,2026-03-11,normal,1400.0,28,28,0,,HIGH,
611,241,2026-02-04,normal,1600.0,32,32,0,,HIGH,
612,419,2026-03-19,normal,2500.0,50,50,0,,HIGH,
613,268,2026-03-24,normal,2100.0,42,42,0,,HIGH,
614,246,2026-03-25,normal,1280.0,38,38,0,,HIGH,
615,420,2026-03-27,normal,3150.0,63,63,0,,HIGH,
616,246,2026-03-27,normal,1000.0,30,30,0,,HIGH,
617,421,2026-03-31,normal,1500.0,30,30,0,,HIGH,
618,246,2026-04-13,normal,1500.0,45,45,0,,HIGH,
619,305,2026-04-20,normal,3099.0,61,61,0,,HIGH,
620,422,2026-04-20,normal,24750.0,495,495,0,,HIGH,
621,423,2026-04-20,normal,21000.0,420,420,0,,HIGH,
623,425,2026-04-21,normal,13500.0,270,270,0,,HIGH,
624,424,2026-04-21,normal,1299.0,25,25,0,,HIGH,
625,426,2026-04-21,normal,1299.0,25,25,0,,HIGH,
626,427,2026-04-21,normal,6990.0,139,139,0,,HIGH,
627,405,2026-04-20,normal,8349.0,166,166,0,,HIGH,
628,232,2026-04-22,normal,1600.0,48,48,0,,HIGH,
629,428,2026-04-22,normal,30185.0,603,603,0,,HIGH,
630,392,2026-04-22,normal,10298.0,205,205,0,,HIGH,
631,354,2026-04-23,normal,9599.0,287,287,0,,HIGH,
632,429,2026-04-23,normal,3000.0,60,60,0,,HIGH,
633,350,2026-04-24,normal,6750.0,540,540,0,,HIGH,
634,255,2026-04-23,normal,2799.0,83,83,0,,HIGH,
635,271,2026-04-23,normal,20000.0,1600,1600,0,,HIGH,
636,400,2026-04-24,normal,1599.0,79,79,0,,HIGH,
637,430,2026-04-24,normal,18000.0,360,360,0,,HIGH,
638,276,2026-04-24,normal,19125.0,956,956,0,,HIGH,
641,304,2026-04-25,normal,1150.0,57,57,0,,HIGH,
642,431,2026-04-25,normal,17250.0,345,345,0,,HIGH,
643,432,2026-04-25,normal,2499.0,49,49,0,,HIGH,
644,433,2026-04-25,normal,8759.0,175,175,0,,HIGH,
645,344,2026-04-27,normal,38250.0,765,765,0,,HIGH,
646,305,2026-04-27,normal,8999.0,179,179,0,,HIGH,
647,434,2026-04-27,normal,19297.0,385,385,0,,HIGH,
648,435,2026-04-27,normal,3232.0,64,64,0,,HIGH,
649,351,2026-04-27,normal,4749.0,237,237,0,,HIGH,
650,436,2026-04-27,normal,10298.0,205,205,0,,HIGH,
651,278,2026-04-27,normal,30500.0,1525,1525,0,,HIGH,
652,237,2026-04-27,normal,13500.0,1080,1080,0,,HIGH,
653,437,2026-04-27,normal,10500.0,210,210,0,,HIGH,
654,246,2026-04-28,normal,8049.0,241,241,0,,HIGH,
655,438,2026-04-28,normal,1299.0,25,25,0,,HIGH,
656,426,2026-04-28,normal,6750.0,135,135,0,,HIGH,
657,232,2026-04-29,normal,13125.0,393,393,0,,HIGH,
658,311,2026-04-29,normal,27623.0,1381,1381,0,,HIGH,
659,406,2026-04-29,normal,8999.0,269,269,0,,HIGH,
660,237,2026-04-29,coin_deduct,0.0,0,,,,LOW,"NON_RECOMPUTABLE: coin_deduct is not rate-based, out of H-1 scope"
661,354,2026-04-30,normal,1299.0,64,38,-26,,HIGH,CONFIRMED_MISMATCH: replay via current fixed CREATE path diverges from stored value
662,439,2026-04-30,normal,16500.0,330,330,0,,HIGH,
664,408,2026-04-30,normal,17324.0,346,346,0,,HIGH,
665,212,2026-04-30,normal,13125.0,1050,1050,0,,HIGH,
666,440,2026-04-30,normal,6750.0,135,135,0,,HIGH,
667,441,2026-04-30,normal,8250.0,165,165,0,,HIGH,
668,336,2026-04-30,normal,3498.0,174,174,0,,HIGH,
669,257,2026-04-30,normal,11198.0,335,335,0,,HIGH,
670,251,2026-05-01,normal,10248.0,819,819,0,,HIGH,
671,442,2026-05-01,normal,1250.0,25,25,0,,HIGH,
672,442,2026-04-26,normal,1299.0,25,25,0,,HIGH,
673,420,2026-05-01,normal,1200.0,24,24,0,,HIGH,
674,415,2026-05-01,normal,18699.0,1495,1495,0,,HIGH,
675,443,2026-05-02,normal,6000.0,120,120,0,,HIGH,
676,224,2026-05-02,coin_deduct,0.0,0,,,,LOW,"NON_RECOMPUTABLE: coin_deduct is not rate-based, out of H-1 scope"
677,411,2026-05-02,normal,1798.0,35,35,0,,HIGH,
678,380,2026-05-02,normal,9600.0,192,288,96,,HIGH,CONFIRMED_MISMATCH: replay via current fixed CREATE path diverges from stored value
679,224,2026-05-02,normal,4300.0,344,344,0,,HIGH,
680,445,2026-04-12,normal,11098.0,221,221,0,,HIGH,
681,446,2026-04-30,normal,30000.0,600,600,0,,HIGH,
682,446,2026-04-30,birthday_recharge,0.0,1500,1500,0,,MEDIUM,
684,254,2026-05-04,coin_deduct,0.0,0,,,,LOW,"NON_RECOMPUTABLE: coin_deduct is not rate-based, out of H-1 scope"
685,411,2026-05-02,normal,15199.0,303,303,0,,HIGH,
686,402,2026-05-04,normal,3199.0,63,63,0,,HIGH,
687,447,2026-05-04,normal,19998.0,399,399,0,,HIGH,
688,448,2026-05-04,normal,30999.0,619,619,0,,HIGH,
689,206,2026-05-05,normal,62000.0,4960,4960,0,,HIGH,
690,449,2026-05-05,normal,20999.0,419,419,0,,HIGH,
691,298,2026-05-06,normal,2498.0,124,124,0,,HIGH,
692,213,2026-05-06,normal,2498.0,199,199,0,,HIGH,
693,450,2026-05-06,normal,1499.0,29,29,0,,HIGH,
694,238,2026-05-06,normal,8100.0,243,243,0,,HIGH,
695,451,2026-05-06,normal,16048.0,320,320,0,,HIGH,
696,234,2026-05-07,normal,2298.0,45,45,0,,HIGH,
697,448,2026-05-07,normal,1999.0,159,159,0,,HIGH,
698,276,2026-05-08,coin_deduct,0.0,0,,,,LOW,"NON_RECOMPUTABLE: coin_deduct is not rate-based, out of H-1 scope"
699,319,2026-05-09,normal,1050.0,21,21,0,,HIGH,
700,452,2026-05-11,normal,8100.0,162,162,0,,HIGH,
701,453,2026-05-10,normal,2500.0,50,50,0,,HIGH,
702,379,2026-05-11,normal,18599.0,557,557,0,,HIGH,
703,277,2026-05-09,normal,5200.0,260,260,0,,HIGH,
704,402,2026-05-11,normal,2200.0,44,44,0,,HIGH,
705,454,2026-05-11,normal,1199.0,23,23,0,,HIGH,
706,378,2026-05-11,normal,4500.0,225,225,0,,HIGH,
707,298,2026-05-12,normal,5200.0,260,260,0,,HIGH,
708,455,2026-05-13,normal,1499.0,29,29,0,,HIGH,
709,432,2026-04-30,normal,17238.0,344,344,0,,HIGH,
710,456,2026-05-14,normal,1499.0,29,29,0,,HIGH,
711,457,2026-05-15,normal,23749.0,474,474,0,,HIGH,
712,458,2026-05-15,normal,19800.0,396,396,0,,HIGH,
713,246,2026-05-16,normal,9500.0,475,285,-190,,HIGH,CONFIRMED_MISMATCH: replay via current fixed CREATE path diverges from stored value
714,302,2026-05-16,normal,9000.0,720,450,-270,,HIGH,CONFIRMED_MISMATCH: replay via current fixed CREATE path diverges from stored value
715,459,2026-05-16,normal,15899.0,317,317,0,,HIGH,
716,381,2026-05-16,coin_deduct,0.0,0,,,,LOW,"NON_RECOMPUTABLE: coin_deduct is not rate-based, out of H-1 scope"
717,385,2026-05-16,normal,1401.0,70,70,0,,HIGH,
718,293,2026-05-18,normal,16200.0,486,486,0,,HIGH,
719,460,2026-05-18,normal,30000.0,600,600,0,,HIGH,
720,415,2026-05-18,normal,2999.0,239,239,0,,HIGH,
721,461,2026-05-18,normal,1800.0,36,36,0,,HIGH,
722,462,2026-05-04,normal,1800.0,36,36,0,,HIGH,
723,463,2026-05-05,normal,1499.0,29,29,0,,HIGH,
724,378,2026-05-06,normal,6199.0,309,309,0,,HIGH,
725,413,2026-05-09,normal,3895.0,194,194,0,,HIGH,
726,416,2026-05-14,normal,2499.0,74,74,0,,HIGH,
727,464,2026-05-16,normal,1499.0,29,29,0,,HIGH,
728,465,2026-05-18,normal,6750.0,135,135,0,,HIGH,
729,351,2026-05-18,normal,2250.0,112,112,0,,HIGH,
730,414,2026-05-20,normal,1430.0,28,28,0,,HIGH,
731,366,2026-05-20,normal,5200.0,260,260,0,,HIGH,
732,287,2026-05-21,normal,1450.0,29,29,0,,HIGH,
733,324,2026-05-01,normal,1700.0,85,85,0,,HIGH,
734,270,2026-05-05,normal,1000.0,80,80,0,,HIGH,
735,466,2026-05-15,normal,2099.0,41,41,0,,HIGH,
736,467,2026-05-16,normal,1230.0,24,24,0,,HIGH,
737,217,2026-05-18,normal,40000.0,2000,2000,0,,HIGH,
738,223,2026-05-21,normal,30398.0,2431,2431,0,,HIGH,
739,468,2026-05-15,normal,23600.0,472,472,0,,HIGH,
740,351,2026-05-22,normal,9900.0,495,495,0,,HIGH,
741,446,2026-05-23,coin_deduct,0.0,0,,,,LOW,"NON_RECOMPUTABLE: coin_deduct is not rate-based, out of H-1 scope"
743,254,2026-05-24,normal,19799.0,1583,395,-1188,,HIGH,CONFIRMED_MISMATCH: replay via current fixed CREATE path diverges from stored value
744,469,2026-05-22,normal,13998.0,279,279,0,,HIGH,
745,405,2026-05-23,normal,35699.0,1070,1070,0,,HIGH,
746,439,2026-05-25,normal,1300.0,65,65,0,,HIGH,
747,402,2026-05-25,normal,2200.0,44,44,0,,HIGH,
748,254,2026-02-08,normal,30000.0,2400,600,-1800,,HIGH,CONFIRMED_MISMATCH: replay via current fixed CREATE path diverges from stored value
749,457,2026-05-26,normal,11997.0,599,599,0,,HIGH,
751,291,2026-05-23,normal,10400.0,312,312,0,,HIGH,
752,470,2026-05-23,normal,1998.0,39,39,0,,HIGH,
753,305,2026-05-26,normal,2700.0,81,81,0,,HIGH,
754,236,2026-05-27,normal,1275.0,25,25,0,,HIGH,
755,455,2026-05-22,normal,2600.0,52,52,0,,HIGH,
756,224,2026-05-23,normal,30000.0,2400,2400,0,,HIGH,
757,471,2026-05-24,normal,2498.0,49,49,0,,HIGH,
758,472,2026-05-26,normal,16200.0,324,324,0,,HIGH,
759,217,2026-05-27,normal,5000.0,400,400,0,,HIGH,
760,225,2026-05-27,normal,30000.0,2400,2400,0,,HIGH,
761,243,2026-05-27,normal,1000.0,20,20,0,,HIGH,
762,421,2026-05-27,normal,1500.0,30,30,0,,HIGH,
763,244,2026-05-20,normal,1360.0,27,27,0,,HIGH,
764,237,2026-05-27,normal,33000.0,2640,2640,0,,HIGH,
765,473,2026-05-28,normal,1499.0,29,29,0,,HIGH,
766,421,2026-05-28,normal,1200.0,24,24,0,,HIGH,
767,414,2026-05-27,normal,1200.0,24,24,0,,HIGH,
768,332,2026-05-27,normal,6750.0,337,202,-135,,HIGH,CONFIRMED_MISMATCH: replay via current fixed CREATE path diverges from stored value
769,319,2026-05-27,normal,1000.0,20,20,0,,HIGH,
770,472,2026-05-26,normal,16200.0,810,324,-486,,HIGH,CONFIRMED_MISMATCH: replay via current fixed CREATE path diverges from stored value
771,351,2026-05-28,coin_deduct,0.0,0,,,,LOW,"NON_RECOMPUTABLE: coin_deduct is not rate-based, out of H-1 scope"
772,351,2026-05-28,coin_deduct,0.0,0,,,,LOW,"NON_RECOMPUTABLE: coin_deduct is not rate-based, out of H-1 scope"
773,351,2026-05-28,normal,2500.0,125,125,0,,HIGH,
775,474,2026-01-24,normal,4998.0,99,99,0,,HIGH,
776,474,2026-01-27,normal,2800.0,56,56,0,,HIGH,
777,474,2026-05-28,normal,17199.0,343,343,0,,HIGH,
778,475,2026-05-29,normal,30000.0,600,600,0,,HIGH,
779,235,2026-05-29,normal,5200.0,104,104,0,,HIGH,
780,418,2026-05-30,normal,1499.0,29,29,0,,HIGH,
781,338,2026-05-30,normal,1899.0,56,56,0,,HIGH,
782,267,2026-03-07,birthday_recharge,0.0,1500,1500,0,,MEDIUM,
783,473,2026-05-29,normal,9999.0,199,199,0,,HIGH,
784,325,2026-05-29,normal,1499.0,74,74,0,,HIGH,
785,302,2026-05-30,normal,10000.0,800,500,-300,,HIGH,CONFIRMED_MISMATCH: replay via current fixed CREATE path diverges from stored value
786,303,2026-05-30,normal,4999.0,399,399,0,,HIGH,
787,303,2026-05-30,coin_deduct,0.0,0,,,,LOW,"NON_RECOMPUTABLE: coin_deduct is not rate-based, out of H-1 scope"
788,476,2026-05-28,normal,30398.0,607,607,0,,HIGH,
789,477,2026-05-28,normal,1499.0,29,29,0,,HIGH,
790,224,2026-05-28,normal,2000.0,160,160,0,,HIGH,
791,248,2026-05-30,normal,11399.0,911,911,0,,HIGH,
792,257,2026-05-30,normal,2175.0,108,65,-43,,HIGH,CONFIRMED_MISMATCH: replay via current fixed CREATE path diverges from stored value
793,267,2026-05-30,normal,6199.0,495,495,0,,HIGH,
794,283,2026-05-30,normal,2498.0,49,49,0,,HIGH,
795,338,2026-05-31,normal,14999.0,449,449,0,,HIGH,
796,305,2026-06-01,normal,2397.0,71,71,0,,HIGH,
798,415,2026-06-01,normal,4999.0,399,399,0,,HIGH,
799,306,2026-06-02,normal,1199.0,59,59,0,,HIGH,
800,413,2026-06-02,normal,1050.0,52,52,0,,HIGH,
801,402,2026-06-01,normal,2200.0,44,44,0,,HIGH,
802,478,2026-06-03,normal,7649.0,152,152,0,,HIGH,
803,349,2026-06-03,normal,2498.0,124,124,0,,HIGH,
804,298,2026-06-04,normal,10400.0,520,520,0,,HIGH,
805,343,2026-06-04,normal,1099.0,54,54,0,,HIGH,
806,246,2026-05-29,normal,4100.0,205,123,-82,,HIGH,CONFIRMED_MISMATCH: replay via current fixed CREATE path diverges from stored value
807,479,2026-06-05,normal,25200.0,504,504,0,,HIGH,
808,476,2026-06-05,normal,1499.0,119,119,0,,HIGH,
809,251,2026-06-06,normal,4999.0,399,399,0,,HIGH,
810,348,2026-06-06,normal,3000.0,60,60,0,,HIGH,
811,480,2026-06-06,normal,2200.0,44,44,0,,HIGH,
812,481,2026-06-06,normal,3200.0,64,64,0,,HIGH,
813,414,2026-06-06,normal,1450.0,29,29,0,,HIGH,
814,482,2026-06-06,normal,1050.0,21,21,0,,HIGH,
815,401,2026-06-06,normal,4999.0,249,249,0,,HIGH,
816,227,2026-06-07,normal,30199.0,603,603,0,,HIGH,
817,402,2026-06-08,normal,3000.0,60,60,0,,HIGH,
818,209,2026-06-08,normal,1125.0,56,56,0,,HIGH,
820,273,2026-06-08,normal,5400.0,162,162,0,,HIGH,
821,483,2026-06-09,normal,1499.0,29,29,0,,HIGH,
822,215,2026-06-12,normal,12298.0,368,368,0,,HIGH,
823,271,2026-06-12,normal,20000.0,1600,1600,0,,HIGH,
824,234,2026-06-12,normal,1499.0,29,29,0,,HIGH,
825,267,2026-06-13,coin_deduct,0.0,0,,,,LOW,"NON_RECOMPUTABLE: coin_deduct is not rate-based, out of H-1 scope"
826,245,2026-06-13,normal,1000.0,20,20,0,,HIGH,
827,411,2026-06-14,normal,15000.0,750,750,0,,HIGH,
828,217,2026-06-14,normal,5000.0,400,400,0,,HIGH,
829,254,2026-06-14,normal,65000.0,5200,3250,-1950,,HIGH,CONFIRMED_MISMATCH: replay via current fixed CREATE path diverges from stored value
830,203,2026-06-14,normal,4999.0,99,99,0,,HIGH,
831,326,2026-06-12,normal,13500.0,270,270,0,,HIGH,
832,405,2026-06-12,normal,2000.0,160,160,0,,HIGH,
833,304,2026-06-13,normal,11849.0,592,592,0,,HIGH,
834,302,2026-06-13,normal,4999.0,399,399,0,,HIGH,
835,484,2026-06-13,normal,12098.0,241,241,0,,HIGH,
836,348,2026-06-09,normal,3800.0,76,76,0,,HIGH,
837,416,2026-06-15,normal,9700.0,291,291,0,,HIGH,
838,457,2026-06-15,normal,1499.0,74,74,0,,HIGH,
839,224,2026-06-13,normal,6498.0,519,519,0,,HIGH,
840,402,2026-06-15,normal,2200.0,66,66,0,,HIGH,
841,409,2026-06-16,normal,1020.0,30,30,0,,HIGH,
842,485,2026-06-17,normal,1198.0,23,23,0,,HIGH,
843,486,2026-06-17,normal,1199.0,23,23,0,,HIGH,
844,487,2026-06-15,normal,1199.0,23,23,0,,HIGH,
845,388,2026-06-18,normal,10000.0,200,200,0,,HIGH,
846,400,2026-06-18,normal,1499.0,74,74,0,,HIGH,
847,287,2026-06-18,normal,11799.0,235,235,0,,HIGH,
848,488,2026-06-18,normal,4999.0,99,99,0,,HIGH,
849,425,2026-06-18,normal,4999.0,249,249,0,,HIGH,
850,489,2026-06-18,normal,1998.0,39,39,0,,HIGH,
851,490,2026-06-17,normal,1200.0,24,24,0,,HIGH,
852,255,2026-06-18,normal,1199.0,35,35,0,,HIGH,
853,270,2026-06-18,normal,1199.0,95,95,0,,HIGH,
855,260,2026-06-20,normal,7350.0,367,367,0,,HIGH,
856,319,2026-06-20,normal,1499.0,44,44,0,,HIGH,
857,301,2026-06-20,normal,4999.0,99,99,0,,HIGH,
858,467,2026-06-21,normal,31829.0,636,636,0,,HIGH,
860,491,2026-06-22,normal,11104.0,222,222,0,,HIGH,
861,436,2026-06-22,normal,1499.0,44,44,0,,HIGH,
862,278,2026-06-22,normal,8000.0,640,640,0,,HIGH,
863,235,2026-06-22,normal,11849.0,236,236,0,,HIGH,
865,423,2026-06-25,coin_deduct,0.0,0,,,,LOW,"NON_RECOMPUTABLE: coin_deduct is not rate-based, out of H-1 scope"
866,422,2026-06-25,coin_deduct,0.0,0,,,,LOW,"NON_RECOMPUTABLE: coin_deduct is not rate-based, out of H-1 scope"
867,213,2026-06-24,normal,2000.0,160,160,0,,HIGH,
868,492,2026-06-26,normal,1499.0,29,29,0,,HIGH,
869,228,2026-06-26,normal,1260.0,25,25,0,,HIGH,
870,493,2026-06-27,normal,16200.0,324,324,0,,HIGH,
871,418,2026-06-27,normal,4999.0,99,99,0,,HIGH,
872,291,2026-06-27,normal,4999.0,249,149,-100,,HIGH,CONFIRMED_MISMATCH: replay via current fixed CREATE path diverges from stored value
873,494,2026-06-27,normal,12716.0,254,254,0,,HIGH,
874,227,2026-06-28,normal,25200.0,2016,2016,0,,HIGH,
875,225,2026-06-29,coin_deduct,0.0,0,,,,LOW,"NON_RECOMPUTABLE: coin_deduct is not rate-based, out of H-1 scope"
876,345,2026-06-26,normal,2175.0,65,65,0,,HIGH,
877,238,2026-06-30,normal,8500.0,425,255,-170,,HIGH,CONFIRMED_MISMATCH: replay via current fixed CREATE path diverges from stored value
878,495,2026-06-30,normal,9240.0,184,184,0,,HIGH,
879,264,2026-07-01,normal,3648.0,72,72,0,,HIGH,
880,252,2026-07-01,normal,1000.0,20,20,0,,HIGH,
881,413,2026-07-01,normal,4999.0,249,249,0,,HIGH,
882,413,2026-07-01,coin_deduct,0.0,0,,,,LOW,"NON_RECOMPUTABLE: coin_deduct is not rate-based, out of H-1 scope"
883,496,2026-07-02,normal,2198.0,43,43,0,,HIGH,
884,333,2026-07-02,normal,34379.0,1031,1031,0,,HIGH,
885,428,2026-07-02,normal,1999.0,159,159,0,,HIGH,
886,497,2026-07-02,normal,2198.0,43,43,0,,HIGH,
888,362,2026-07-03,normal,13500.0,270,270,0,,HIGH,
889,205,2026-07-03,normal,2197.0,43,43,0,,HIGH,
890,448,2026-07-03,normal,2498.0,199,199,0,,HIGH,
891,301,2026-07-04,normal,8700.0,261,261,0,,HIGH,
892,499,2026-07-03,normal,4999.0,99,99,0,,HIGH,
893,299,2026-07-04,normal,1849.0,36,36,0,,HIGH,
894,257,2026-07-04,normal,3374.0,168,101,-67,,HIGH,CONFIRMED_MISMATCH: replay via current fixed CREATE path diverges from stored value
895,224,2026-07-04,coin_deduct,0.0,0,,,,LOW,"NON_RECOMPUTABLE: coin_deduct is not rate-based, out of H-1 scope"
896,500,2026-07-04,normal,30000.0,600,600,0,,HIGH,
897,500,2026-07-04,birthday_recharge,0.0,1500,1500,0,,MEDIUM,
898,285,2026-07-06,normal,14400.0,432,432,0,,HIGH,
899,402,2026-07-06,normal,3298.0,98,98,0,,HIGH,
900,206,2026-07-06,coin_deduct,0.0,0,,,,LOW,"NON_RECOMPUTABLE: coin_deduct is not rate-based, out of H-1 scope"
901,305,2026-07-06,normal,3848.0,115,115,0,,HIGH,
902,501,2026-07-04,normal,1199.0,23,23,0,,HIGH,
903,502,2026-07-05,normal,47000.0,940,940,0,,HIGH,
904,503,2026-07-06,normal,13500.0,270,270,0,,HIGH,
905,236,2026-07-06,normal,1000.0,20,20,0,,HIGH,
906,504,2026-07-05,normal,5369.0,107,107,0,,HIGH,
907,209,2026-07-07,normal,1125.0,56,56,0,,HIGH,
908,235,2026-07-08,normal,2100.0,105,105,0,,HIGH,
909,217,2026-07-08,normal,30900.0,2472,2472,0,,HIGH,
910,232,2026-07-09,normal,1098.0,54,54,0,,HIGH,
911,273,2026-07-09,normal,14999.0,449,449,0,,HIGH,
912,207,2026-07-09,normal,11699.0,233,233,0,,HIGH,
913,300,2026-07-10,normal,12800.0,256,256,0,,HIGH,
914,505,2026-07-08,normal,16200.0,324,324,0,,HIGH,
915,506,2026-07-10,normal,1199.0,23,23,0,,HIGH,
916,287,2026-07-10,normal,1730.0,51,51,0,,HIGH,
917,405,2026-07-10,normal,4999.0,399,399,0,,HIGH,
918,251,2026-07-11,normal,2296.0,183,183,0,,HIGH,
919,230,2026-07-11,normal,12000.0,360,360,0,,HIGH,
920,346,2026-07-11,normal,30000.0,1500,1500,0,,HIGH,
921,283,2026-07-12,normal,1998.0,39,39,0,,HIGH,
922,490,2026-07-12,normal,1249.0,24,24,0,,HIGH,
923,305,2026-07-13,normal,14398.0,719,431,-288,,HIGH,CONFIRMED_MISMATCH: replay via current fixed CREATE path diverges from stored value
924,217,2026-07-14,coin_deduct,0.0,0,,,,LOW,"NON_RECOMPUTABLE: coin_deduct is not rate-based, out of H-1 scope"
925,232,2026-07-15,normal,26009.0,1300,1300,0,,HIGH,
926,303,2026-07-10,normal,30000.0,2400,2400,0,,HIGH,
927,330,2026-07-16,normal,3920.0,78,78,0,,HIGH,
928,324,2026-07-18,normal,14999.0,749,749,0,,HIGH,
929,303,2026-07-10,birthday_recharge,0.0,1500,1500,0,,MEDIUM,
930,217,2026-07-18,coin_deduct,0.0,0,,,,LOW,"NON_RECOMPUTABLE: coin_deduct is not rate-based, out of H-1 scope"
931,217,2026-07-18,normal,7000.0,560,560,0,,HIGH,
932,246,2026-07-19,normal,10000.0,500,500,0,,HIGH,
933,507,2026-07-19,normal,30000.0,600,600,0,,HIGH,
934,508,2026-07-19,normal,1999.0,39,39,0,,HIGH,
935,224,2026-07-19,coin_deduct,0.0,0,,,,LOW,"NON_RECOMPUTABLE: coin_deduct is not rate-based, out of H-1 scope"
936,509,2026-07-20,normal,9900.0,198,198,0,,HIGH,
937,510,2026-07-20,normal,1498.0,29,29,0,,HIGH,
938,418,2026-07-18,normal,3279.0,65,65,0,,HIGH,
939,274,2026-07-18,normal,1098.0,32,32,0,,HIGH,
940,511,2026-07-15,normal,2298.0,45,45,0,,HIGH,
941,512,2026-07-15,normal,1499.0,29,29,0,,HIGH,
942,513,2026-07-20,normal,17948.0,358,358,0,,HIGH,
943,212,2026-07-17,normal,14799.0,1183,1183,0,,HIGH,
944,260,2026-07-18,normal,1098.0,54,54,0,,HIGH,
945,276,2026-07-18,normal,20000.0,1000,1000,0,,HIGH,
946,246,2026-07-20,normal,1300.0,65,65,0,,HIGH,
947,514,2026-07-20,normal,31199.0,623,623,0,,HIGH,
948,378,2026-07-21,normal,1998.0,99,99,0,,HIGH,
949,506,2026-07-21,normal,2797.0,55,55,0,,HIGH,
950,515,2026-07-21,normal,1199.0,23,23,0,,HIGH,
951,362,2026-07-22,normal,4498.0,224,224,0,,HIGH,
952,354,2026-07-22,normal,2009.0,100,60,-40,,HIGH,CONFIRMED_MISMATCH: replay via current fixed CREATE path diverges from stored value
953,516,2026-07-22,normal,1498.0,29,29,0,,HIGH,
957,207,2026-07-22,normal,13099.0,392,392,0,,HIGH,
958,517,2026-07-22,normal,31999.0,639,639,0,,HIGH,
959,518,2026-07-22,normal,1999.0,39,39,0,,HIGH,
960,392,2026-07-22,normal,11440.0,343,343,0,,HIGH,
961,371,2026-07-23,normal,7396.0,221,221,0,,HIGH,
962,246,2026-07-24,normal,1499.0,74,74,0,,HIGH,
963,212,2026-07-24,normal,13300.0,1064,1064,0,,HIGH,
964,261,2026-07-24,normal,10800.0,540,540,0,,HIGH,
965,250,2026-07-25,normal,2117.0,42,42,0,,HIGH,
966,257,2026-07-26,normal,4517.0,225,135,-90,,HIGH,CONFIRMED_MISMATCH: replay via current fixed CREATE path diverges from stored value
967,442,2026-07-26,normal,1498.0,29,29,0,,HIGH,
968,397,2026-07-27,normal,1598.0,79,79,0,,HIGH,
969,337,2026-07-27,normal,31580.0,1579,1579,0,,HIGH,
970,337,2026-07-27,birthday_recharge,0.0,1500,1500,0,,MEDIUM,
972,519,2026-07-27,normal,30600.0,612,612,0,,HIGH,
973,519,2026-07-27,birthday_recharge,0.0,1500,1500,0,,MEDIUM,
974,520,2026-07-27,normal,19800.0,396,396,0,,HIGH,
975,436,2026-07-28,normal,46400.0,1392,1392,0,,HIGH,
976,521,2026-07-29,normal,5400.0,108,108,0,,HIGH,
977,208,2026-07-29,normal,30000.0,2400,2400,0,,HIGH,
978,455,2026-07-29,normal,11050.0,221,221,0,,HIGH,
979,300,2026-07-30,normal,5400.0,270,270,0,,HIGH,
980,381,2026-07-30,coin_deduct,0.0,0,,,,LOW,"NON_RECOMPUTABLE: coin_deduct is not rate-based, out of H-1 scope"
981,413,2026-07-30,normal,1200.0,60,60,0,,HIGH,
982,522,2026-07-30,normal,1598.0,31,31,0,,HIGH,
983,508,2026-07-31,normal,22500.0,450,450,0,,HIGH,
984,246,2026-07-31,normal,4300.0,215,215,0,,HIGH,
985,410,2026-07-28,normal,4448.0,355,355,0,,HIGH,
986,244,2026-07-27,normal,1500.0,30,30,0,,HIGH,
988,232,2026-07-15,normal,1350.0,67,67,0,,HIGH,
989,244,2026-07-15,normal,1300.0,26,26,0,,HIGH,
990,482,2026-07-17,normal,1200.0,24,24,0,,HIGH,
991,305,2026-08-03,normal,3279.0,163,163,0,,HIGH,
992,523,2026-08-03,normal,30000.0,600,600,0,,HIGH,
993,236,2026-08-03,normal,11309.0,226,226,0,,HIGH,
994,287,2026-08-04,normal,1275.0,38,38,0,,HIGH,
995,325,2026-08-04,coin_deduct,0.0,0,,,,LOW,"NON_RECOMPUTABLE: coin_deduct is not rate-based, out of H-1 scope"
996,209,2026-08-04,normal,3770.0,188,188,0,,HIGH,
997,524,2026-08-06,normal,1199.0,23,23,0,,HIGH,
998,246,2026-08-07,normal,1899.0,151,94,-57,,HIGH,CONFIRMED_MISMATCH: replay via current fixed CREATE path diverges from stored value
999,525,2026-08-07,normal,1899.0,37,37,0,,HIGH,
1000,206,2026-08-07,coin_deduct,0.0,0,,,,LOW,"NON_RECOMPUTABLE: coin_deduct is not rate-based, out of H-1 scope"
1001,526,2026-08-07,normal,14400.0,288,288,0,,HIGH,
1002,280,2026-08-07,birthday_recharge,10000.0,500,500,0,,MEDIUM,
1003,210,2026-08-07,normal,1899.0,56,56,0,,HIGH,
1004,217,2026-08-08,coin_deduct,0.0,0,,,,LOW,"NON_RECOMPUTABLE: coin_deduct is not rate-based, out of H-1 scope"
1005,527,2026-08-08,normal,10000.0,200,200,0,,HIGH,
1006,267,2026-08-09,normal,2500.0,200,200,0,,HIGH,
1007,528,2026-08-08,normal,18499.0,369,369,0,,HIGH,
1009,302,2026-08-08,normal,22999.0,1839,1839,0,,HIGH,
1010,311,2026-08-08,normal,1499.0,74,74,0,,HIGH,
1011,345,2026-08-08,normal,2175.0,65,65,0,,HIGH,
1012,301,2026-08-01,normal,3500.0,175,105,-70,,HIGH,CONFIRMED_MISMATCH: replay via current fixed CREATE path diverges from stored value
1014,319,2026-08-01,normal,3500.0,105,105,0,,HIGH,
1016,529,2026-08-03,normal,1499.0,29,29,0,,HIGH,
1020,402,2026-08-10,normal,2200.0,66,66,0,,HIGH,
1021,459,2026-08-11,normal,15899.0,794,794,0,,HIGH,
1022,530,2026-08-11,normal,31898.0,637,637,0,,HIGH,
1023,330,2026-08-13,normal,30000.0,600,600,0,,HIGH,
1024,246,2026-08-14,normal,12750.0,1020,637,-383,,HIGH,CONFIRMED_MISMATCH: replay via current fixed CREATE path diverges from stored value
1026,509,2026-08-03,normal,1899.0,56,56,0,,HIGH,
1029,531,2026-08-11,normal,1099.0,21,21,0,,HIGH,
1030,224,2026-08-15,coin_deduct,0.0,0,,,,LOW,"NON_RECOMPUTABLE: coin_deduct is not rate-based, out of H-1 scope"
1031,267,2026-08-15,coin_deduct,0.0,0,,,,LOW,"NON_RECOMPUTABLE: coin_deduct is not rate-based, out of H-1 scope"
1032,532,2026-08-15,normal,2200.0,44,44,0,,HIGH,
1033,443,2026-08-16,normal,23400.0,468,468,0,,HIGH,
1038,533,2026-08-16,normal,1299.0,103,25,-78,,HIGH,CONFIRMED_MISMATCH: replay via current fixed CREATE path diverges from stored value
1040,533,2026-08-16,normal,30000.0,600,600,0,,HIGH,
1044,517,2026-08-17,coin_deduct,0.0,0,,,,LOW,"NON_RECOMPUTABLE: coin_deduct is not rate-based, out of H-1 scope"
1045,336,2026-08-17,normal,22999.0,1149,1149,0,,HIGH,
1046,530,2026-08-17,normal,1499.0,119,119,0,,HIGH,
1047,534,2026-08-17,normal,1899.0,37,37,0,,HIGH,
1048,535,2026-08-18,normal,1798.0,35,35,0,,HIGH,
1049,535,2026-08-18,normal,1798.0,35,35,0,,HIGH,
1050,428,2026-08-19,normal,1050.0,84,84,0,,HIGH,
1051,536,2026-08-19,normal,1999.0,39,39,0,,HIGH,
1052,537,2026-08-21,normal,11700.0,234,234,0,,HIGH,
1053,318,2026-08-21,normal,16200.0,1296,1296,0,,HIGH,
1054,488,2026-08-22,normal,30000.0,600,600,0,,HIGH,
1055,488,2026-08-22,birthday_recharge,0.0,1500,1500,0,,MEDIUM,
1056,538,2026-08-21,normal,9800.0,196,196,0,,HIGH,
1057,349,2026-08-19,normal,7200.0,360,360,0,,HIGH,
1058,534,2026-08-22,normal,2200.0,44,44,0,,HIGH,
1059,447,2026-08-20,normal,9400.0,470,470,0,,HIGH,
1060,336,2026-08-24,normal,8998.0,449,449,0,,HIGH,
1061,539,2026-08-24,normal,1598.0,31,31,0,,HIGH,
1062,507,2026-08-24,normal,6999.0,559,559,0,,HIGH,
1063,238,2026-08-25,normal,8100.0,405,243,-162,,HIGH,CONFIRMED_MISMATCH: replay via current fixed CREATE path diverges from stored value
1065,434,2026-08-25,normal,10898.0,544,544,0,,HIGH,
1066,225,2026-08-25,normal,13998.0,1119,1119,0,,HIGH,
1067,270,2026-08-24,normal,1000.0,80,80,0,,HIGH,
1068,541,2026-08-26,normal,3998.0,79,79,0,,HIGH,
1069,541,2026-08-18,normal,2999.0,59,59,0,,HIGH,
1070,542,2026-08-26,normal,1299.0,25,25,0,,HIGH,
1071,543,2026-08-27,normal,24898.0,497,497,0,,HIGH,
1072,236,2026-08-27,normal,1105.0,33,33,0,,HIGH,
1073,405,2026-08-28,normal,5000.0,400,400,0,,HIGH,
1074,400,2026-08-29,normal,1999.0,99,99,0,,HIGH,
1075,302,2026-08-29,normal,10000.0,200,800,600,,HIGH,CONFIRMED_MISMATCH: replay via current fixed CREATE path diverges from stored value
1076,545,2026-08-31,normal,13139.0,262,262,0,,HIGH,
1077,546,2026-08-31,normal,9900.0,198,198,0,,HIGH,
1078,332,2026-09-01,normal,1330.0,66,39,-27,,HIGH,CONFIRMED_MISMATCH: replay via current fixed CREATE path diverges from stored value
1079,349,2026-09-01,normal,9000.0,450,450,0,,HIGH,
1080,305,2026-09-01,normal,8998.0,449,449,0,,HIGH,
1081,298,2026-09-01,normal,32400.0,1620,1620,0,,HIGH,
1082,230,2026-09-01,normal,5300.0,265,265,0,,HIGH,
1084,540,2026-09-02,normal,8100.0,162,162,0,,HIGH,
1085,547,2026-09-02,normal,9900.0,198,198,0,,HIGH,
1086,416,2026-09-02,normal,2000.0,60,60,0,,HIGH,
1087,212,2026-09-02,normal,1899.0,151,151,0,,HIGH,
1088,548,2026-09-02,normal,8998.0,179,179,0,,HIGH,
1090,549,2026-09-02,normal,1199.0,23,23,0,,HIGH,
1091,287,2026-09-03,normal,1275.0,38,38,0,,HIGH,
1092,450,2026-09-04,normal,8998.0,179,179,0,,HIGH,
1093,550,2026-09-03,normal,6999.0,139,139,0,,HIGH,
1094,551,2026-09-04,normal,1999.0,39,39,0,,HIGH,
1095,214,2026-09-04,normal,1100.0,22,22,0,,HIGH,
1096,224,2026-09-04,normal,12799.0,1023,1023,0,,HIGH,
1098,348,2026-09-04,normal,12599.0,377,377,0,,HIGH,
1099,552,2026-09-05,normal,21799.0,435,435,0,,HIGH,
1100,302,2026-09-05,normal,6999.0,349,559,210,,HIGH,CONFIRMED_MISMATCH: replay via current fixed CREATE path diverges from stored value
1101,553,2026-09-05,normal,27199.0,543,543,0,,HIGH,
1102,546,2026-09-05,normal,6099.0,182,182,0,,HIGH,
1103,554,2026-09-07,normal,2799.0,55,55,0,,HIGH,
1104,336,2026-09-08,normal,9000.0,450,450,0,,HIGH,
1105,541,2026-09-08,normal,10665.0,213,213,0,,HIGH,
1106,541,2026-08-26,normal,3998.0,79,79,0,,HIGH,
1107,530,2026-09-08,normal,1199.0,95,95,0,,HIGH,
1108,490,2026-09-08,normal,1050.0,21,21,0,,HIGH,
1110,248,2026-09-08,normal,13299.0,1063,1063,0,,HIGH,
1111,302,2026-07-25,normal,3000.0,150,240,90,,HIGH,CONFIRMED_MISMATCH: replay via current fixed CREATE path diverges from stored value
1112,246,2026-08-18,normal,1440.0,115,72,-43,,HIGH,CONFIRMED_MISMATCH: replay via current fixed CREATE path diverges from stored value
1113,246,2026-08-21,normal,2500.0,200,125,-75,,HIGH,CONFIRMED_MISMATCH: replay via current fixed CREATE path diverges from stored value
1114,245,2026-07-11,normal,1000.0,20,20,0,,HIGH,
1115,245,2026-08-09,normal,1000.0,20,20,0,,HIGH,
1116,421,2026-06-22,normal,1400.0,28,28,0,,HIGH,
1117,421,2026-08-05,normal,3000.0,60,60,0,,HIGH,
1118,337,2026-09-09,normal,3799.0,303,303,0,,HIGH,
1119,464,2026-09-12,normal,6999.0,139,139,0,,HIGH,
1121,379,2026-09-14,normal,18998.0,949,949,0,,HIGH,
1122,555,2026-09-14,normal,2298.0,45,45,0,,HIGH,
1123,225,2026-09-12,normal,5000.0,400,400,0,,HIGH,
1124,298,2026-09-16,normal,20449.0,1635,1635,0,,HIGH,
1125,405,2026-09-17,normal,11999.0,959,959,0,,HIGH,
1126,556,2026-09-18,normal,1999.0,39,39,0,,HIGH,
1127,224,2026-09-17,normal,11999.0,959,959,0,,HIGH,
1128,300,2026-09-18,normal,1999.0,99,99,0,,HIGH,
1129,249,2026-09-18,normal,1999.0,39,39,0,,HIGH,
1130,479,2026-09-18,normal,6999.0,349,349,0,,HIGH,
1131,395,2026-09-18,normal,16898.0,844,844,0,,HIGH,
1132,248,2026-09-18,coin_deduct,0.0,0,,,,LOW,"NON_RECOMPUTABLE: coin_deduct is not rate-based, out of H-1 scope"
1133,251,2026-09-19,normal,9997.0,799,799,0,,HIGH,
1134,418,2026-09-19,normal,11999.0,239,239,0,,HIGH,
1135,392,2026-09-19,normal,6999.0,349,209,-140,,HIGH,CONFIRMED_MISMATCH: replay via current fixed CREATE path diverges from stored value
1136,324,2026-09-19,normal,9000.0,450,450,0,,HIGH,
1137,514,2026-09-19,normal,4499.0,359,359,0,,HIGH,
1138,397,2026-09-21,normal,11999.0,599,599,0,,HIGH,
1139,557,2026-09-21,normal,1999.0,39,39,0,,HIGH,
1140,236,2026-09-22,normal,1105.0,33,33,0,,HIGH,
1141,541,2026-09-22,normal,1125.0,33,33,0,,HIGH,
1142,507,2026-09-22,coin_deduct,0.0,0,,,,LOW,"NON_RECOMPUTABLE: coin_deduct is not rate-based, out of H-1 scope"
1143,558,2026-09-22,normal,1099.0,21,21,0,,HIGH,
1144,213,2026-09-23,coin_deduct,0.0,0,,,,LOW,"NON_RECOMPUTABLE: coin_deduct is not rate-based, out of H-1 scope"
1145,430,2026-09-22,normal,1999.0,99,99,0,,HIGH,
1146,232,2026-09-23,normal,2500.0,125,125,0,,HIGH,
1147,232,2026-09-23,normal,2500.0,125,125,0,,HIGH,
1148,425,2026-09-23,normal,11999.0,599,599,0,,HIGH,
1149,559,2026-09-23,normal,2230.0,44,44,0,,HIGH,
1150,501,2026-09-23,normal,1899.0,37,37,0,,HIGH,
1151,560,2026-09-24,normal,30000.0,600,600,0,,HIGH,
